7120976,https://github.com/greatwitenorth/php-nonce,greatwitenorth,2012-12-11T23:03:19Z
7121195,https://github.com/krolow/Komplete,krolow,2012-12-11T23:22:15Z
7121343,https://github.com/AU-Landing-Project/au_sets,AU-Landing-Project,2012-12-11T23:36:53Z
7121184,https://github.com/supermodlr/supermodlr-app,supermodlr,2012-12-11T23:21:42Z
7121119,https://github.com/krolow/ITEvents,krolow,2012-12-11T23:16:13Z
7121352,https://github.com/tsolar/bikepolo.cl-alienship,tsolar,2012-12-11T23:37:44Z
7121051,https://github.com/k5o/wpblog,k5o,2012-12-11T23:09:43Z
7121166,https://github.com/serafin/passbook,serafin,2012-12-11T23:19:38Z
7121526,https://github.com/pollitosabroson/facturas,pollitosabroson,2012-12-11T23:54:25Z
7121261,https://github.com/decodelabs/df-r7-webCore,decodelabs,2012-12-11T23:28:56Z
7121135,https://github.com/gamgam/sample,gamgam,2012-12-11T23:17:28Z
7120990,https://github.com/decodelabs/df-r7-base,decodelabs,2012-12-11T23:04:27Z
7121207,https://github.com/decodelabs/df-r7-nightfire,decodelabs,2012-12-11T23:23:04Z