242703160,https://github.com/Blitz-Mobile-Apps/react-native-easy-push-notifications,Blitz-Mobile-Apps,2020-02-24T10:08:21Z
242709215,https://github.com/a970066364/seata1.1.0-demo,a970066364,2020-02-24T10:39:52Z
242712337,https://github.com/XiaoLingShuShu/BALABALA,XiaoLingShuShu,2020-02-24T10:55:47Z
242707826,https://github.com/ToniMiro93/ProyectoPA,ToniMiro93,2020-02-24T10:32:19Z
242710948,https://github.com/Masonic9/Sophy,Masonic9,2020-02-24T10:48:15Z
242701832,https://github.com/eblocker/eblocker-lists,eblocker,2020-02-24T10:01:41Z
242711904,https://github.com/thingsboard/tb-ce-rest-client-example,thingsboard,2020-02-24T10:53:35Z
242706297,https://github.com/rafgenduke/cordova-plugin-zpl-image-converter,rafgenduke,2020-02-24T10:23:46Z
242708286,https://github.com/miguelpeire/PokemonSpring,miguelpeire,2020-02-24T10:34:54Z
242707563,https://github.com/Hmida-Rojbani/MicroServices_GLSI_,Hmida-Rojbani,2020-02-24T10:30:46Z
242707350,https://github.com/Proteus1989/Air-Explorer-Decrypter,Proteus1989,2020-02-24T10:29:37Z
242710540,https://github.com/nikhil914/CombinedSliderAndCreatePost,nikhil914,2020-02-24T10:46:14Z
242710950,https://github.com/xiang670/mytest,xiang670,2020-02-24T10:48:16Z
242702206,https://github.com/RomanDegtiarov/Slock.it_task,RomanDegtiarov,2020-02-24T10:03:46Z
242713021,https://github.com/dalsomin/spring-surveyProject,dalsomin,2020-02-24T10:59:20Z
242712382,https://github.com/saisrinivas58/azuredevops,saisrinivas58,2020-02-24T10:56:00Z
242704448,https://github.com/Vishalcj17/packages_apps_launcher,Vishalcj17,2020-02-24T10:14:28Z
242708118,https://github.com/Meet-Vora/Java-Projects,Meet-Vora,2020-02-24T10:33:57Z
242709148,https://github.com/GBHomeWorks/HomeWork4,GBHomeWorks,2020-02-24T10:39:33Z
242710036,https://github.com/vladmatei98/cts_1,vladmatei98,2020-02-24T10:43:58Z
242710656,https://github.com/davidMF98/cts_1,davidMF98,2020-02-24T10:46:47Z
242705616,https://github.com/Supriyamc/EAD-Testing,Supriyamc,2020-02-24T10:20:13Z
242705957,https://github.com/lxcy-kdz/FinancialAdaptation,lxcy-kdz,2020-02-24T10:21:53Z
242705831,https://github.com/tseassal/bitso-challenge,tseassal,2020-02-24T10:21:20Z
242706381,https://github.com/cheng102e/jzoffer,cheng102e,2020-02-24T10:24:07Z
242712589,https://github.com/GLAU-TND/assignment-1-abhishektiwari1234,GLAU-TND,2020-02-24T10:57:05Z
242710117,https://github.com/GLAU-TND/assignment-1-rishikasingh7055,GLAU-TND,2020-02-24T10:44:21Z
242702727,https://github.com/zeekx/mygdt,zeekx,2020-02-24T10:06:06Z
242708007,https://github.com/Abylayyy/top-security-client,Abylayyy,2020-02-24T10:33:23Z
242710525,https://github.com/grock011/projects,grock011,2020-02-24T10:46:10Z
242701859,https://github.com/spranshu1/common-utils,spranshu1,2020-02-24T10:01:52Z
242711126,https://github.com/mariia-kolomiiets/Testing,mariia-kolomiiets,2020-02-24T10:49:15Z
242706402,https://github.com/Practicas-Seguridad-Informatica/Practica1,Practicas-Seguridad-Informatica,2020-02-24T10:24:13Z
242709536,https://github.com/cdkey3891/security2,cdkey3891,2020-02-24T10:41:27Z
242708391,https://github.com/danotorrey/gelf-sample-data,danotorrey,2020-02-24T10:35:24Z
242703720,https://github.com/kirthi313/TestBrainBankDemo,kirthi313,2020-02-24T10:11:03Z
242704053,https://github.com/pengLP/SpiderWeb,pengLP,2020-02-24T10:12:43Z
242711644,https://github.com/AhmedSwilam/Marvel-swilam,AhmedSwilam,2020-02-24T10:52:04Z
242708186,https://github.com/khayalfarzi/mock-server,khayalfarzi,2020-02-24T10:34:22Z
242705883,https://github.com/HFSmit/Spring-Training-MVC-JSP,HFSmit,2020-02-24T10:21:34Z
242703968,https://github.com/londonappbrewery/i-am-poor-android-Ritavdas,londonappbrewery,2020-02-24T10:12:18Z
242702095,https://github.com/SharkSkeleton/lab3Parallel,SharkSkeleton,2020-02-24T10:03:12Z
242710236,https://github.com/hari698/repo-34,hari698,2020-02-24T10:44:54Z
242710527,https://github.com/Isaacamfoh001/week2labsession,Isaacamfoh001,2020-02-24T10:46:10Z
242703136,https://github.com/scientist123zl/sellbywechat,scientist123zl,2020-02-24T10:08:15Z
242703546,https://github.com/android-starter/todos,android-starter,2020-02-24T10:10:12Z
242706090,https://github.com/hung1994v/PhotoGalerry,hung1994v,2020-02-24T10:22:32Z
242708614,https://github.com/leisran/MyProject,leisran,2020-02-24T10:36:32Z
242705853,https://github.com/dmloureiroo/busy-flights,dmloureiroo,2020-02-24T10:21:28Z
242703395,https://github.com/CODERS-BAY/java-6-3-zahlenspirale-Thomas-Witt,CODERS-BAY,2020-02-24T10:09:30Z
242705705,https://github.com/smb13/p14,smb13,2020-02-24T10:20:38Z
242704885,https://github.com/sazzad765/Push-Notification,sazzad765,2020-02-24T10:16:48Z
242706521,https://github.com/Mondira13/FacebookLoginDemo,Mondira13,2020-02-24T10:24:54Z
242706591,https://github.com/petercys/ApkClassLoader,petercys,2020-02-24T10:25:20Z
242711391,https://github.com/qendev/MotionLayout_ExampleTwo,qendev,2020-02-24T10:50:37Z
242709897,https://github.com/lupinooo/cts_1,lupinooo,2020-02-24T10:43:15Z
242708863,https://github.com/NiksRock/contact_management_backend,NiksRock,2020-02-24T10:37:54Z
242706699,https://github.com/BrajeshKumarchaudhary/SpringMvc-HibernateConfiguartion,BrajeshKumarchaudhary,2020-02-24T10:26:01Z
242708469,https://github.com/hjsf-nishanthi/labs,hjsf-nishanthi,2020-02-24T10:35:46Z
242704857,https://github.com/DimitriyDimitrov/MentorMateLogo,DimitriyDimitrov,2020-02-24T10:16:41Z
242703274,https://github.com/103style/DesignPatterns,103style,2020-02-24T10:08:55Z
242709460,https://github.com/JuliaBak/oop,JuliaBak,2020-02-24T10:41:01Z
242708519,https://github.com/TogetherGGXie/delivery,TogetherGGXie,2020-02-24T10:36:01Z
242710456,https://github.com/whp98/zglswr,whp98,2020-02-24T10:45:50Z
242711234,https://github.com/usf-cs245-s20/project2Sorting,usf-cs245-s20,2020-02-24T10:49:47Z
242709758,https://github.com/ArtemSharov/JThree_HW2,ArtemSharov,2020-02-24T10:42:34Z
242711572,https://github.com/whp98/hdoj_backup,whp98,2020-02-24T10:51:40Z
242704188,https://github.com/camenzindmp/Modernization,camenzindmp,2020-02-24T10:13:15Z
242706565,https://github.com/aditi1994-adv/cft,aditi1994-adv,2020-02-24T10:25:11Z
242702479,https://github.com/WXRSEagle/repo3,WXRSEagle,2020-02-24T10:05:02Z
242702655,https://github.com/KimThaoUitk12/----n-qu-n-l--th--vi-n,KimThaoUitk12,2020-02-24T10:05:47Z
242708803,https://github.com/qiusixian/gmall-streamingProject,qiusixian,2020-02-24T10:37:38Z
242711100,https://github.com/cosmin1234567890/cts1,cosmin1234567890,2020-02-24T10:49:06Z
242711144,https://github.com/GLAU-TND/assignment-1-Pushpak722,GLAU-TND,2020-02-24T10:49:21Z
242708814,https://github.com/Rosstail/java-chess,Rosstail,2020-02-24T10:37:41Z
242707462,https://github.com/Practicas-Seguridad-Informatica/Practica2,Practicas-Seguridad-Informatica,2020-02-24T10:30:14Z
242706507,https://github.com/parth2208/RxJavaSample,parth2208,2020-02-24T10:24:50Z
242706079,https://github.com/attiasas/GameToolkit,attiasas,2020-02-24T10:22:29Z
242706199,https://github.com/nagamejun/CopyGithubUrl,nagamejun,2020-02-24T10:23:13Z
242702209,https://github.com/heike2718/unicode-tools,heike2718,2020-02-24T10:03:46Z
242706925,https://github.com/aplen/Chars-counter,aplen,2020-02-24T10:27:14Z
242708705,https://github.com/patrick1238/DTMS,patrick1238,2020-02-24T10:37:03Z
242710690,https://github.com/Vurikus/student-project,Vurikus,2020-02-24T10:46:57Z
242712097,https://github.com/GLAU-TND/assignment-1-shailam13,GLAU-TND,2020-02-24T10:54:32Z
242702302,https://github.com/CodecoolKRK20173/battle-of-cards-troskliwemisie,CodecoolKRK20173,2020-02-24T10:04:12Z
242704502,https://github.com/nghi-ngan-luan-van/frontend-camera-mobile-app,nghi-ngan-luan-van,2020-02-24T10:14:43Z
242708932,https://github.com/weibaoyong/spring-firt-demo,weibaoyong,2020-02-24T10:38:20Z
242709621,https://github.com/Alcloud/medical-chat-server,Alcloud,2020-02-24T10:41:51Z
242709966,https://github.com/okocraft/PlayarDataBridge,okocraft,2020-02-24T10:43:38Z
242707480,https://github.com/andicain/labEIM01,andicain,2020-02-24T10:30:21Z
242706898,https://github.com/TejashreeP88/GitDemo,TejashreeP88,2020-02-24T10:27:06Z
242702278,https://github.com/emadpres/hashcode-2020,emadpres,2020-02-24T10:04:05Z
242713000,https://github.com/ecormaksin/hajiboot-jpa,ecormaksin,2020-02-24T10:59:12Z
242708344,https://github.com/RuFerdZ/CSA-Tutorials,RuFerdZ,2020-02-24T10:35:08Z
242709282,https://github.com/AlexKozel/RestFullWeb,AlexKozel,2020-02-24T10:40:09Z
242706201,https://github.com/janbrychtadotcom/react-headless,janbrychtadotcom,2020-02-24T10:23:14Z
242710186,https://github.com/Penta0308/MindustrySchematicGenerator,Penta0308,2020-02-24T10:44:40Z
242705013,https://github.com/Krisaor/ms-ingerencia-ng,Krisaor,2020-02-24T10:17:12Z
242705467,https://github.com/IestynGage/MajorProject,IestynGage,2020-02-24T10:19:36Z
242703387,https://github.com/1306588647/Java_Study,1306588647,2020-02-24T10:09:27Z
242703151,https://github.com/lsacera/personalblog,lsacera,2020-02-24T10:08:20Z
242705712,https://github.com/gelenlere/trend-topic-alert,gelenlere,2020-02-24T10:20:40Z
242705989,https://github.com/GLAU-TND/assignment-1-abhi730,GLAU-TND,2020-02-24T10:22:02Z
242702904,https://github.com/palashSelenium/Demopractise,palashSelenium,2020-02-24T10:07:04Z
242701768,https://github.com/ElzbietaZimnik/bookApp,ElzbietaZimnik,2020-02-24T10:01:24Z
242702230,https://github.com/Sheldie/shezzer-mall,Sheldie,2020-02-24T10:03:53Z
242706081,https://github.com/whp98/xxqg,whp98,2020-02-24T10:22:29Z
242708198,https://github.com/Galkkk/HW-FieldBattle,Galkkk,2020-02-24T10:34:25Z
242706069,https://github.com/Ankit-TTN/JavaCollections,Ankit-TTN,2020-02-24T10:22:27Z
242707231,https://github.com/Therence123/mantee,Therence123,2020-02-24T10:29:00Z
242707230,https://github.com/hamygit1/sprint1,hamygit1,2020-02-24T10:28:59Z
242710637,https://github.com/stefaniaPopescu26/Laborator01,stefaniaPopescu26,2020-02-24T10:46:41Z
242707611,https://github.com/nguyentrongdoan/Caculator,nguyentrongdoan,2020-02-24T10:31:03Z
242711535,https://github.com/Meet-Vora/Big-Data-Project,Meet-Vora,2020-02-24T10:51:25Z
242712055,https://github.com/appurajacool2015/SpringBootTutorials,appurajacool2015,2020-02-24T10:54:19Z
242709958,https://github.com/azaraxton/Azaraxton,azaraxton,2020-02-24T10:43:37Z
242702839,https://github.com/Ferpuntoexe/ditcionary,Ferpuntoexe,2020-02-24T10:06:46Z
242708638,https://github.com/hjsf-nishanthi/practice,hjsf-nishanthi,2020-02-24T10:36:41Z
242702299,https://github.com/prodonmajor/starturn-database-layer,prodonmajor,2020-02-24T10:04:11Z
242709528,https://github.com/junhojohn/webStudy,junhojohn,2020-02-24T10:41:25Z
242708490,https://github.com/adityasarfare/aditya,adityasarfare,2020-02-24T10:35:52Z
242704106,https://github.com/La4tgamer/bookstore,La4tgamer,2020-02-24T10:12:54Z
242711457,https://github.com/ioanamoraru14/Laborator01,ioanamoraru14,2020-02-24T10:50:59Z
242712047,https://github.com/Sathish-77/NewGitProject,Sathish-77,2020-02-24T10:54:17Z
242709619,https://github.com/FelixvL/qien2020multigit,FelixvL,2020-02-24T10:41:51Z
242710367,https://github.com/GLAU-TND/assignment-1-somiyaparmar,GLAU-TND,2020-02-24T10:45:26Z
242712566,https://github.com/GLAU-TND/assignment-1-ashwani1296,GLAU-TND,2020-02-24T10:56:56Z
242705985,https://github.com/yourevannya/Tugas2,yourevannya,2020-02-24T10:22:01Z
242704906,https://github.com/ushanagasri/Tammineedi-Usha-Naga-Sri-Exception-Handling-and-Logging,ushanagasri,2020-02-24T10:16:54Z
242706877,https://github.com/pankajchamyal/Sprint1,pankajchamyal,2020-02-24T10:26:58Z
242708541,https://github.com/imanmaknojia/oops-using-java-,imanmaknojia,2020-02-24T10:36:07Z
242710337,https://github.com/sophiaxm/FirstProject,sophiaxm,2020-02-24T10:45:18Z
242704877,https://github.com/k613/hellojava,k613,2020-02-24T10:16:47Z
242705070,https://github.com/arindambose1010/Restaurant-Service,arindambose1010,2020-02-24T10:17:31Z
242709166,https://github.com/VirusPC/ccf_csp,VirusPC,2020-02-24T10:39:39Z
242709119,https://github.com/Ping-GAO/COMP3131-assignment,Ping-GAO,2020-02-24T10:39:26Z
242710937,https://github.com/andreaalf97/AIDM,andreaalf97,2020-02-24T10:48:14Z
242710946,https://github.com/EvgheniiC/BuletinBoard,EvgheniiC,2020-02-24T10:48:15Z
242703923,https://github.com/waadee35/examenborjaed,waadee35,2020-02-24T10:12:06Z
242704215,https://github.com/anshul-git-repo/git-repository,anshul-git-repo,2020-02-24T10:13:24Z
242704480,https://github.com/1131660791/uptang-cloud,1131660791,2020-02-24T10:14:37Z
242702194,https://github.com/LawrenceJengwa/SuperheroApp,LawrenceJengwa,2020-02-24T10:03:43Z
242702588,https://github.com/cachay99/SpringExamen,cachay99,2020-02-24T10:05:28Z
242701681,https://github.com/AhmedGarrech/helloWorld,AhmedGarrech,2020-02-24T10:00:57Z
242711968,https://github.com/thingsboard/tb-pe-rest-client-example,thingsboard,2020-02-24T10:53:53Z
242703977,https://github.com/chetan601/TestProject,chetan601,2020-02-24T10:12:21Z
242705429,https://github.com/OlgaNorina/Bmi,OlgaNorina,2020-02-24T10:19:19Z
242711608,https://github.com/kanupriyaraheja/resilience4j-sample-project,kanupriyaraheja,2020-02-24T10:51:51Z
242701651,https://github.com/fahlunsaksit/springFromYoutube,fahlunsaksit,2020-02-24T10:00:50Z
242703336,https://github.com/AndhikaBrosnan2/tutorial-04-brosnan,AndhikaBrosnan2,2020-02-24T10:09:16Z
242708760,https://github.com/hjfs-nilam/project,hjfs-nilam,2020-02-24T10:37:24Z
242701782,https://github.com/finominfo/pgrep,finominfo,2020-02-24T10:01:29Z
242703358,https://github.com/huangcw111/foodfunengine,huangcw111,2020-02-24T10:09:21Z
242706352,https://github.com/tiwariashish/road-map,tiwariashish,2020-02-24T10:24:01Z
242702158,https://github.com/zhangke10086/rrpservice,zhangke10086,2020-02-24T10:03:31Z
242701765,https://github.com/UNIZAR-30226-2020-03/Spring-back,UNIZAR-30226-2020-03,2020-02-24T10:01:24Z
242706921,https://github.com/waadee35/repositoriowade,waadee35,2020-02-24T10:27:13Z
242708026,https://github.com/usf-cs545-s20/project2Sorting,usf-cs545-s20,2020-02-24T10:33:27Z
242712242,https://github.com/glirt/kirk2020,glirt,2020-02-24T10:55:17Z
242711041,https://github.com/Mohammad-Alnimer/hr-task,Mohammad-Alnimer,2020-02-24T10:48:47Z
242710429,https://github.com/CatalinaLuncasu1079/cts_1,CatalinaLuncasu1079,2020-02-24T10:45:41Z
242706255,https://github.com/navamigs/newhelloworld,navamigs,2020-02-24T10:23:33Z
242706996,https://github.com/ushanagasri/Tammineedi-Usha-Naga-Sri-Exception-Handling---Logging,ushanagasri,2020-02-24T10:27:36Z
242702468,https://github.com/Ferpuntoexe/Arbol,Ferpuntoexe,2020-02-24T10:04:58Z
242702367,https://github.com/RamonLSs/daweb-3-8-RamonLSs,RamonLSs,2020-02-24T10:04:33Z
242701636,https://github.com/HVHMobileDeveloper/DoNotDisturbMode,HVHMobileDeveloper,2020-02-24T10:00:45Z
242701948,https://github.com/Smile977/my_js_web_project,Smile977,2020-02-24T10:02:25Z
242703873,https://github.com/yushengwuyang/InterfaceDemo,yushengwuyang,2020-02-24T10:11:51Z
242712648,https://github.com/Ilya-Minochkin/HibernateStud,Ilya-Minochkin,2020-02-24T10:57:23Z
242702554,https://github.com/GLAU-TND/assignment-1-gaurii-10-05,GLAU-TND,2020-02-24T10:05:21Z
242702552,https://github.com/BanYeung/data-structure,BanYeung,2020-02-24T10:05:21Z
242709786,https://github.com/lay126/zcp-console-menu,lay126,2020-02-24T10:42:44Z
242712125,https://github.com/TsekotAndrey/junior,TsekotAndrey,2020-02-24T10:54:40Z
242704023,https://github.com/priyanka4123/git1,priyanka4123,2020-02-24T10:12:35Z
242704584,https://github.com/snowflake-tu/expandSql,snowflake-tu,2020-02-24T10:15:07Z
242702930,https://github.com/divyabharathi-nimmagadda/cs_cucu,divyabharathi-nimmagadda,2020-02-24T10:07:14Z
242705075,https://github.com/bharathipraveen/Sam,bharathipraveen,2020-02-24T10:17:33Z
242706274,https://github.com/Malofeyev/aop,Malofeyev,2020-02-24T10:23:38Z
242707120,https://github.com/Sathish-77/NewProject,Sathish-77,2020-02-24T10:28:22Z
242709613,https://github.com/mauricedibbets1986/samenwerken,mauricedibbets1986,2020-02-24T10:41:50Z
242708300,https://github.com/Sathishmargam/EnergyConsumptionService,Sathishmargam,2020-02-24T10:34:58Z
242709578,https://github.com/laprinia/cts_1,laprinia,2020-02-24T10:41:40Z
242709925,https://github.com/CatalinStefan11/cts_1,CatalinStefan11,2020-02-24T10:43:23Z
242710390,https://github.com/ioanamartin98/cts_1,ioanamartin98,2020-02-24T10:45:31Z
242712085,https://github.com/lupescuteodor/cts_1,lupescuteodor,2020-02-24T10:54:29Z
242702320,https://github.com/gabrielboroghina/Laborator01,gabrielboroghina,2020-02-24T10:04:19Z
242705916,https://github.com/DSkoufis/identity-hackday,DSkoufis,2020-02-24T10:21:41Z
242712215,https://github.com/hpuentes/taller1-sistemas-recomendacion,hpuentes,2020-02-24T10:55:10Z
242709358,https://github.com/k1eden/Trie,k1eden,2020-02-24T10:40:29Z
242712647,https://github.com/dafnadya/comp_graphic,dafnadya,2020-02-24T10:57:23Z
242709115,https://github.com/hebixiangxin/DataTrans,hebixiangxin,2020-02-24T10:39:24Z
242706432,https://github.com/prodonmajor/starturn-engine,prodonmajor,2020-02-24T10:24:24Z
242704102,https://github.com/156076769/mimaxue,156076769,2020-02-24T10:12:53Z
242706843,https://github.com/Malathi1993/RuntimePermissionsDemo,Malathi1993,2020-02-24T10:26:45Z
242704375,https://github.com/Thentmyatnoe/MultiSelectFromGallery,Thentmyatnoe,2020-02-24T10:14:07Z
242708328,https://github.com/TaqaDo/homew2,TaqaDo,2020-02-24T10:35:04Z
242711169,https://github.com/shankarsai79/nutrion,shankarsai79,2020-02-24T10:49:29Z
242710826,https://github.com/mihaela-catrina/Laborator01-EIM,mihaela-catrina,2020-02-24T10:47:36Z
242703076,https://github.com/cai2yy/cjhttp,cai2yy,2020-02-24T10:07:54Z
242710896,https://github.com/asmajakir2018/Bis,asmajakir2018,2020-02-24T10:48:01Z
242711862,https://github.com/GLAU-TND/assignment-1-Mohit1052,GLAU-TND,2020-02-24T10:53:24Z
242708940,https://github.com/chrischenubc/capstone,chrischenubc,2020-02-24T10:38:22Z
242707318,https://github.com/trocco-io/embulk-output-sf_bulk_api,trocco-io,2020-02-24T10:29:28Z
242710657,https://github.com/keaMike/TicTacToe,keaMike,2020-02-24T10:46:48Z
242711826,https://github.com/blosse/JavaSkola,blosse,2020-02-24T10:53:09Z
242711873,https://github.com/marcus-nl/camunda-galleon-pack,marcus-nl,2020-02-24T10:53:27Z
242704011,https://github.com/AfnanQDW/CKEventSheets,AfnanQDW,2020-02-24T10:12:32Z
242704525,https://github.com/malte1koelle/webshop-backend,malte1koelle,2020-02-24T10:14:47Z
242709125,https://github.com/Random-Cookie/ComputerAlgebraSystem,Random-Cookie,2020-02-24T10:39:27Z
242712072,https://github.com/Markwart/LearningTasks,Markwart,2020-02-24T10:54:26Z
242701549,https://github.com/Aphrodite000/FindPath,Aphrodite000,2020-02-24T10:00:19Z
242704729,https://github.com/ryhflandre/StudyHops,ryhflandre,2020-02-24T10:15:56Z
242709778,https://github.com/marinvlad/cts_1,marinvlad,2020-02-24T10:42:42Z
242712136,https://github.com/PhillipeManta/cts_1,PhillipeManta,2020-02-24T10:54:44Z
242711498,https://github.com/danielmalurica/cts_1,danielmalurica,2020-02-24T10:51:15Z
242706493,https://github.com/Meet-Vora/APCS-Projects,Meet-Vora,2020-02-24T10:24:45Z
242708381,https://github.com/mygit1984/DemoGitRepo,mygit1984,2020-02-24T10:35:20Z
242710393,https://github.com/bihimArtificialSoft/EBuy,bihimArtificialSoft,2020-02-24T10:45:32Z
242708364,https://github.com/jcpaiva-fgpe/fd4090a3-dd0c-43a5-9870-43be74e9bd68,jcpaiva-fgpe,2020-02-24T10:35:16Z
242702889,https://github.com/CodecoolKRK20173/battle-of-cards-porosty_zycia,CodecoolKRK20173,2020-02-24T10:07:00Z
242702375,https://github.com/sanjeev-rai/coding,sanjeev-rai,2020-02-24T10:04:35Z
242705380,https://github.com/formation-android/TD_Activity,formation-android,2020-02-24T10:19:04Z
242706569,https://github.com/DidahDx/MessageApp,DidahDx,2020-02-24T10:25:11Z
242713061,https://github.com/pas725/data-structure-practice,pas725,2020-02-24T10:59:30Z
242712475,https://github.com/tthusitha/SpringBootWebService,tthusitha,2020-02-24T10:56:26Z
242705169,https://github.com/cribus/ProgettoTSW,cribus,2020-02-24T10:18:03Z
242704716,https://github.com/petercys/BuffetReservation,petercys,2020-02-24T10:15:53Z
242706739,https://github.com/Malathi1993/SliderScreenEx,Malathi1993,2020-02-24T10:26:12Z
242705402,https://github.com/Amenallah88/hiproject,Amenallah88,2020-02-24T10:19:14Z
242709345,https://github.com/Team-501-The-PowerKnights/2020-characterization-realbot,Team-501-The-PowerKnights,2020-02-24T10:40:25Z
242708596,https://github.com/JVP-cmd/networks,JVP-cmd,2020-02-24T10:36:24Z
242701584,https://github.com/Affid/CROC_Education,Affid,2020-02-24T10:00:28Z
242713076,https://github.com/juliojsg/P1-Sesion3,juliojsg,2020-02-24T10:59:34Z
242706922,https://github.com/eshsrobotics/networktablesinput,eshsrobotics,2020-02-24T10:27:13Z
242706151,https://github.com/JonM0711/ASP_Stopwatch,JonM0711,2020-02-24T10:22:54Z
242707173,https://github.com/chenfei69/demo_cf_web,chenfei69,2020-02-24T10:28:42Z
242705474,https://github.com/GoshApp/ScreenRecorder,GoshApp,2020-02-24T10:19:37Z
242710954,https://github.com/casas97/trackyourultimate,casas97,2020-02-24T10:48:17Z
242706702,https://github.com/RunpeiDong/CS5105-Distributed-Computing-Xidian-University,RunpeiDong,2020-02-24T10:26:02Z
242707167,https://github.com/sudhir005/GitHubRepo,sudhir005,2020-02-24T10:28:39Z
242708827,https://github.com/ViktorVasylyshyn/PurchaseListTest,ViktorVasylyshyn,2020-02-24T10:37:45Z
242710284,https://github.com/luisferreira93/onboarding-up-to-speed,luisferreira93,2020-02-24T10:45:01Z
242703265,https://github.com/xyygm/mytest3,xyygm,2020-02-24T10:08:52Z
242704683,https://github.com/jabirhussainp/Ass_1csvfilehandling,jabirhussainp,2020-02-24T10:15:39Z
242705288,https://github.com/SL170030040/epam-task-2,SL170030040,2020-02-24T10:18:38Z
242713094,https://github.com/whp98/java_gui_music_player,whp98,2020-02-24T10:59:39Z
242709656,https://github.com/popescuciprian/cts_ex1,popescuciprian,2020-02-24T10:42:06Z
242704698,https://github.com/ashishmanjhi/ComicUser,ashishmanjhi,2020-02-24T10:15:46Z
242702312,https://github.com/jeffwang520/RESTfulAPI-Jersey,jeffwang520,2020-02-24T10:04:15Z
242702325,https://github.com/CodecoolGlobal/filepartreader-testing-with-junit-DominikKublik,CodecoolGlobal,2020-02-24T10:04:22Z
242705821,https://github.com/loginmen/2048,loginmen,2020-02-24T10:21:16Z
242707081,https://github.com/aplen/cell-multiplication,aplen,2020-02-24T10:28:07Z
242703227,https://github.com/chanakyaakoju/Git_devops,chanakyaakoju,2020-02-24T10:08:41Z
242708524,https://github.com/521masong/ja0224,521masong,2020-02-24T10:36:03Z
242708670,https://github.com/hjfs-denis/labs,hjfs-denis,2020-02-24T10:36:54Z
242710423,https://github.com/Karacraft/AvtAssembly,Karacraft,2020-02-24T10:45:40Z
242710391,https://github.com/gateshibill/server,gateshibill,2020-02-24T10:45:31Z
242703802,https://github.com/vsagar954/enetcode,vsagar954,2020-02-24T10:11:29Z
242706117,https://github.com/khayalfarzi/Reconciler,khayalfarzi,2020-02-24T10:22:41Z
242706778,https://github.com/FambaJava/CloudSystem,FambaJava,2020-02-24T10:26:25Z
242702435,https://github.com/sheenamary/pal-tracker,sheenamary,2020-02-24T10:04:51Z
242702427,https://github.com/VALENTIN4real/tictactoe,VALENTIN4real,2020-02-24T10:04:50Z
242709893,https://github.com/kalapuc10/jira-research,kalapuc10,2020-02-24T10:43:14Z
242702469,https://github.com/mrLeks/java2_less1,mrLeks,2020-02-24T10:04:58Z
242706716,https://github.com/sakura-watcher/paradise-center-shop,sakura-watcher,2020-02-24T10:26:06Z
242702681,https://github.com/markoeror/javaFXExampleSearch,markoeror,2020-02-24T10:05:55Z
242711832,https://github.com/Prasad459/super-market-management,Prasad459,2020-02-24T10:53:11Z
242702085,https://github.com/itmo-java-basics-2020/task-3-string-spring-swing-GooDroNchik,itmo-java-basics-2020,2020-02-24T10:03:11Z
242703904,https://github.com/Shubham0Git/SEBA-42,Shubham0Git,2020-02-24T10:12:00Z
242702796,https://github.com/asmajakir2018/Project_1,asmajakir2018,2020-02-24T10:06:32Z
242704420,https://github.com/Bhargav44/MITRA,Bhargav44,2020-02-24T10:14:20Z
242706454,https://github.com/sampatg/first_Project_Devops,sampatg,2020-02-24T10:24:31Z
242704623,https://github.com/github4mayu/Mycode,github4mayu,2020-02-24T10:15:23Z
242707407,https://github.com/arti-kollmee/GitSdkProject,arti-kollmee,2020-02-24T10:29:57Z
242709449,https://github.com/python-hema/h1.java,python-hema,2020-02-24T10:40:58Z
242710532,https://github.com/GouirahFarid/dpringframeworkTransactional2,GouirahFarid,2020-02-24T10:46:11Z
242707990,https://github.com/Roreul/JavaProject,Roreul,2020-02-24T10:33:17Z
242707719,https://github.com/nickzim/news-aggregator,nickzim,2020-02-24T10:31:43Z
242710647,https://github.com/LuoPiaoZZ/Test,LuoPiaoZZ,2020-02-24T10:46:44Z
242710023,https://github.com/anamanea98/cts_1,anamanea98,2020-02-24T10:43:54Z
242706143,https://github.com/Dilushaa/flash2,Dilushaa,2020-02-24T10:22:51Z
242709205,https://github.com/GZC0519/KSBL-backend,GZC0519,2020-02-24T10:39:48Z
242708532,https://github.com/Bgh237/Programming_Course_Java,Bgh237,2020-02-24T10:36:06Z
242706755,https://github.com/cdkey3891/security1,cdkey3891,2020-02-24T10:26:16Z
242711283,https://github.com/GLAU-TND/assignment-1-abd8126,GLAU-TND,2020-02-24T10:50:04Z
242707541,https://github.com/gorinych3/FrGetMessages,gorinych3,2020-02-24T10:30:38Z
242703590,https://github.com/olgabasin/TicketService_SeleniumTests,olgabasin,2020-02-24T10:10:24Z
242713087,https://github.com/joerg-wille/GraalVMNativeTests,joerg-wille,2020-02-24T10:59:37Z
242708833,https://github.com/esswhye/ArventAuth,esswhye,2020-02-24T10:37:47Z
242703830,https://github.com/kengurenokRu/gsu-profi,kengurenokRu,2020-02-24T10:11:38Z
242701724,https://github.com/Catchip/tomotodo,Catchip,2020-02-24T10:01:09Z
242710994,https://github.com/kobeza/The-Movie,kobeza,2020-02-24T10:48:29Z
242707017,https://github.com/aplen/Fuel-Cost-Java-FX,aplen,2020-02-24T10:27:42Z
242707373,https://github.com/atmani-asmae/chaussures,atmani-asmae,2020-02-24T10:29:44Z
242703608,https://github.com/chibuzoio/component,chibuzoio,2020-02-24T10:10:32Z
242704224,https://github.com/maximus687/Sprint1,maximus687,2020-02-24T10:13:28Z
242702733,https://github.com/itmo-java-basics-2020/task-3-string-spring-swing-MikhniukR,itmo-java-basics-2020,2020-02-24T10:06:08Z
242703484,https://github.com/NehaAnandpara/mytwitter,NehaAnandpara,2020-02-24T10:09:54Z
242701830,https://github.com/itmo-java-basics-2020/task-3-string-spring-swing-fansin1,itmo-java-basics-2020,2020-02-24T10:01:41Z
242703155,https://github.com/MeeraCool/HelloWorld,MeeraCool,2020-02-24T10:08:20Z
242702559,https://github.com/arti-kollmee/CheckGit,arti-kollmee,2020-02-24T10:05:22Z
242705323,https://github.com/Ankit-TTN/multiThreading,Ankit-TTN,2020-02-24T10:18:48Z
242710842,https://github.com/harshaspider/contos,harshaspider,2020-02-24T10:47:42Z
242710007,https://github.com/adrian0805/cts_1,adrian0805,2020-02-24T10:43:50Z
242705773,https://github.com/iteahome/parsing-find-the-phone-numbers-patrickpop96,iteahome,2020-02-24T10:20:58Z
242704842,https://github.com/shweta-code/kafka,shweta-code,2020-02-24T10:16:33Z
242708688,https://github.com/CodingWithSaani/BottomNavBarBSCSBClass240220,CodingWithSaani,2020-02-24T10:36:59Z
242706464,https://github.com/E-Grady/DesignStudiotest,E-Grady,2020-02-24T10:24:36Z
242701814,https://github.com/AnatolSich/candle-validation,AnatolSich,2020-02-24T10:01:36Z
242704727,https://github.com/pengchy/testmine,pengchy,2020-02-24T10:15:56Z
242704852,https://github.com/Manon5/ProjetTutS4,Manon5,2020-02-24T10:16:39Z
242712924,https://github.com/juhito/NAOServer,juhito,2020-02-24T10:58:52Z
242703860,https://github.com/veraPDF/verapdf-webapp-server,veraPDF,2020-02-24T10:11:46Z