26075530,https://github.com/alienscience/imapsrv,alienscience,2014-11-02T09:37:26Z
26076941,https://github.com/ttencate/commonmark,ttencate,2014-11-02T09:58:55Z
26075450,https://github.com/go-amigo/namesgen,go-amigo,2014-11-02T09:32:13Z
26075615,https://github.com/memememomo/go-smtpserver,memememomo,2014-11-02T09:42:54Z
26075617,https://github.com/peterjliu/parseclient,peterjliu,2014-11-02T09:43:12Z
26076649,https://github.com/Ben-M/phrase_imaginizer,Ben-M,2014-11-02T09:41:07Z
26076727,https://github.com/mickgardner/godo,mickgardner,2014-11-02T09:45:40Z
26075677,https://github.com/shelmesky/raft,shelmesky,2014-11-02T09:46:19Z
26075285,https://github.com/afmobi/AfLanding,afmobi,2014-11-02T09:21:26Z
26076477,https://github.com/jbenet/go-random,jbenet,2014-11-02T09:31:32Z
26076584,https://github.com/solomonwzs/leetcode,solomonwzs,2014-11-02T09:37:02Z