40683335,https://github.com/obsrvbl/flowlogs-reader,obsrvbl,2015-08-13T21:48:17Z
40682858,https://github.com/CellProfiler/centrosome,CellProfiler,2015-08-13T21:35:11Z
40681836,https://github.com/luckydonald/luckydonald-utils,luckydonald,2015-08-13T21:07:48Z
40682387,https://github.com/saltstack/salt-docs-rtd,saltstack,2015-08-13T21:23:19Z
40683353,https://github.com/xedinaska/MyMacRemoteControl,xedinaska,2015-08-13T21:48:41Z
40682717,https://github.com/mjuchler/VCF-annotation-pharmacogenomics,mjuchler,2015-08-13T21:31:53Z
40682896,https://github.com/edwardclem/herschel_correlations,edwardclem,2015-08-13T21:36:11Z
40681729,https://github.com/varshakarumanchi/Python-,varshakarumanchi,2015-08-13T21:05:16Z
40682104,https://github.com/feliperuhland/devjournal,feliperuhland,2015-08-13T21:15:38Z
40683412,https://github.com/yzh89/pyuppaal,yzh89,2015-08-13T21:50:21Z
40681866,https://github.com/martzcodes/social-hashtag-map,martzcodes,2015-08-13T21:08:33Z
40683128,https://github.com/cihanmehmet/wpbrute.py,cihanmehmet,2015-08-13T21:42:50Z
40681749,https://github.com/aaahexing/duilian,aaahexing,2015-08-13T21:05:47Z
40682812,https://github.com/KevinXuxuxu/fruitfly_py,KevinXuxuxu,2015-08-13T21:34:16Z
40681831,https://github.com/tomleger/time_and_temp,tomleger,2015-08-13T21:07:41Z
40682001,https://github.com/astroufsc/chimera-supervisor,astroufsc,2015-08-13T21:12:36Z
40682483,https://github.com/hetoan2/League-Setify,hetoan2,2015-08-13T21:25:41Z
40683623,https://github.com/goll/flask_app,goll,2015-08-13T21:57:11Z
40681787,https://github.com/Tsvetov/analys_users,Tsvetov,2015-08-13T21:06:43Z
40682154,https://github.com/R2ZER0/rtrack,R2ZER0,2015-08-13T21:16:51Z
40681965,https://github.com/sendtooscar/RelocSensorDriver,sendtooscar,2015-08-13T21:11:47Z
40681594,https://github.com/dev-yohan/scrapy-tutorial,dev-yohan,2015-08-13T21:02:11Z
40681645,https://github.com/ptendolkar/OneDrive-Sync,ptendolkar,2015-08-13T21:03:18Z
40682194,https://github.com/olsonm16/py-algebra,olsonm16,2015-08-13T21:17:46Z
40682232,https://github.com/lefterisnik/django-loosecms-search,lefterisnik,2015-08-13T21:18:49Z
40683413,https://github.com/PatrickHancir/PythonClass,PatrickHancir,2015-08-13T21:50:23Z
40683510,https://github.com/BogdanShevchenko/PythonGames,BogdanShevchenko,2015-08-13T21:53:46Z
40681843,https://github.com/skipperkongen/data-science,skipperkongen,2015-08-13T21:08:04Z
40682258,https://github.com/animals4all/Battleship,animals4all,2015-08-13T21:19:36Z
40681541,https://github.com/aparsons/appsec-pipeline-example,aparsons,2015-08-13T21:00:30Z
40681679,https://github.com/patrickelectric/provant-devices,patrickelectric,2015-08-13T21:04:00Z
40683641,https://github.com/del-dom/Geo826,del-dom,2015-08-13T21:57:43Z
40683703,https://github.com/nkboom/Mindstorms-ReinforcementLearning,nkboom,2015-08-13T21:59:41Z
40682073,https://github.com/elmiguel/DatabaseConverter,elmiguel,2015-08-13T21:14:44Z
40681985,https://github.com/jrwesolo/docker_pakrat,jrwesolo,2015-08-13T21:12:13Z
40682700,https://github.com/sagecodes/flask-restaurant-menu-redux,sagecodes,2015-08-13T21:31:28Z
40681687,https://github.com/Mimalef/paasta,Mimalef,2015-08-13T21:04:09Z
40683226,https://github.com/mccullaghlab/force-match-wgrouping,mccullaghlab,2015-08-13T21:45:28Z
40682821,https://github.com/rkanderson/ShowOffGame,rkanderson,2015-08-13T21:34:24Z
40683163,https://github.com/piyush-kunal/my-first-blog,piyush-kunal,2015-08-13T21:43:41Z